Workbook

Sheet Prowler
A1: ASSESSMENT_START_TIME | B1: FINDING_UNIQUE_ID | C1: PROVIDER | D1: CHECK_ID | E1: CHECK_TITLE | F1: CHECK_TYPE | G1: STATUS | H1: STATUS_EXTENDED | I1: SERVICE_NAME | J1: SUBSERVICE_NAME | K1: SEVERITY | L1: RESOURCE_TYPE | M1: RESOURCE_DETAILS | N1: RESOURCE_TAGS | O1: DESCRIPTION | P1: RISK | Q1: RELATED_URL | R1: REMEDIATION_RECOMMENDATION_TEXT | S1: REMEDIATION_RECOMMENDATION_URL | T1: REMEDIATION_RECOMMENDATION_CODE_NATIVEIAC | U1: REMEDIATION_RECOMMENDATION_CODE_TERRAFORM | V1: REMEDIATION_RECOMMENDATION_CODE_CLI | W1: REMEDIATION_RECOMMENDATION_CODE_OTHER | X1: COMPLIANCE | Y1: CATEGORIES | Z1: DEPENDS_ON | AA1: RELATED_TO | AB1: NOTES | AC1: PROFILE | AD1: ACCOUNT_ID | AE1: ACCOUNT_NAME | AF1: ACCOUNT_EMAIL | AG1: ACCOUNT_ARN | AH1: ACCOUNT_ORG | AI1: ACCOUNT_TAGS | AJ1: REGION | AK1: RESOURCE_ID | AL1: RESOURCE_ARN

Sheet Phoenix import
A1: a_id | B1: at_provider_type | C1: at_provider_resource_id | D1: at_vpc | E1: at_subnet | F1: at_region | G1: v_name | H1: v_description | I1: v_remedy | J1: v_severity | K1: v_cve | L1: v_cwe | M1: v_published_datetime | N1: v_details | O1: a_tags
B2: =UPPER(Prowler!C2) | C2: =IF(Prowler!AL2<>"",Prowler!AL2, _xlfn.CONCAT("arn:aws:ec2:",F2,":",Prowler!AD2,":instance/",Prowler!AK2)) -> arn:aws:ec2:::instance/ | F2: =Prowler!AJ2 -> 0 | G2: =Prowler!E2 -> 0 | H2: =_xlfn.TEXTJOIN(CHAR(10),1, Prowler!O2:Q2) | I2: =_xlfn.TEXTJOIN(CHAR(10),1, Prowler!R2:W2) | J2: =IF(Prowler!K2="critical",10, IF(Prowler!K2="high",7, IF(Prowler!K2="medium",5, 1))) -> 1 | M2: =Prowler!A2 -> 0 | O2: =IF(Prowler!N2="", "", _xlfn.CONCAT("[{""key"":""",SUBSTITUTE(SUBSTITUTE(Prowler!N2,"=",""",""value"":""")," | ","""},{""key"":"""),"""}]"))
B3: =UPPER(Prowler!C3) | C3: =IF(Prowler!AL3<>"",Prowler!AL3, _xlfn.CONCAT("arn:aws:ec2:",F3,":",Prowler!AD3,":instance/",Prowler!AK3)) -> arn:aws:ec2:::instance/ | F3: =Prowler!AJ3 -> 0 | G3: =Prowler!E3 -> 0 | H3: =_xlfn.TEXTJOIN(CHAR(10),1, Prowler!O3:Q3) | I3: =_xlfn.TEXTJOIN(CHAR(10),1, Prowler!R3:W3) | J3: =IF(Prowler!K3="critical",10, IF(Prowler!K3="high",7, IF(Prowler!K3="medium",5, 1))) -> 1 | M3: =Prowler!A3 -> 0 | O3: =IF(Prowler!N3="", "", _xlfn.CONCAT("[{""key"":""",SUBSTITUTE(SUBSTITUTE(Prowler!N3,"=",""",""value"":""")," | ","""},{""key"":"""),"""}]"))
B4: =UPPER(Prowler!C4) | C4: =IF(Prowler!AL4<>"",Prowler!AL4, _xlfn.CONCAT("arn:aws:ec2:",F4,":",Prowler!AD4,":instance/",Prowler!AK4)) -> arn:aws:ec2:::instance/ | F4: =Prowler!AJ4 -> 0 | G4: =Prowler!E4 -> 0 | H4: =_xlfn.TEXTJOIN(CHAR(10),1, Prowler!O4:Q4) | I4: =_xlfn.TEXTJOIN(CHAR(10),1, Prowler!R4:W4) | J4: =IF(Prowler!K4="critical",10, IF(Prowler!K4="high",7, IF(Prowler!K4="medium",5, 1))) -> 1 | M4: =Prowler!A4 -> 0 | O4: =IF(Prowler!N4="", "", _xlfn.CONCAT("[{""key"":""",SUBSTITUTE(SUBSTITUTE(Prowler!N4,"=",""",""value"":""")," | ","""},{""key"":"""),"""}]"))
B5: =UPPER(Prowler!C5) | C5: =IF(Prowler!AL5<>"",Prowler!AL5, _xlfn.CONCAT("arn:aws:ec2:",F5,":",Prowler!AD5,":instance/",Prowler!AK5)) -> arn:aws:ec2:::instance/ | F5: =Prowler!AJ5 -> 0 | G5: =Prowler!E5 -> 0 | H5: =_xlfn.TEXTJOIN(CHAR(10),1, Prowler!O5:Q5) | I5: =_xlfn.TEXTJOIN(CHAR(10),1, Prowler!R5:W5) | J5: =IF(Prowler!K5="critical",10, IF(Prowler!K5="high",7, IF(Prowler!K5="medium",5, 1))) -> 1 | M5: =Prowler!A5 -> 0 | O5: =IF(Prowler!N5="", "", _xlfn.CONCAT("[{""key"":""",SUBSTITUTE(SUBSTITUTE(Prowler!N5,"=",""",""value"":""")," | ","""},{""key"":"""),"""}]"))
B6: =UPPER(Prowler!C6) | C6: =IF(Prowler!AL6<>"",Prowler!AL6, _xlfn.CONCAT("arn:aws:ec2:",F6,":",Prowler!AD6,":instance/",Prowler!AK6)) -> arn:aws:ec2:::instance/ | F6: =Prowler!AJ6 -> 0 | G6: =Prowler!E6 -> 0 | H6: =_xlfn.TEXTJOIN(CHAR(10),1, Prowler!O6:Q6) | I6: =_xlfn.TEXTJOIN(CHAR(10),1, Prowler!R6:W6) | J6: =IF(Prowler!K6="critical",10, IF(Prowler!K6="high",7, IF(Prowler!K6="medium",5, 1))) -> 1 | M6: =Prowler!A6 -> 0 | O6: =IF(Prowler!N6="", "", _xlfn.CONCAT("[{""key"":""",SUBSTITUTE(SUBSTITUTE(Prowler!N6,"=",""",""value"":""")," | ","""},{""key"":"""),"""}]"))
B7: =UPPER(Prowler!C7) | C7: =IF(Prowler!AL7<>"",Prowler!AL7, _xlfn.CONCAT("arn:aws:ec2:",F7,":",Prowler!AD7,":instance/",Prowler!AK7)) -> arn:aws:ec2:::instance/ | F7: =Prowler!AJ7 -> 0 | G7: =Prowler!E7 -> 0 | H7: =_xlfn.TEXTJOIN(CHAR(10),1, Prowler!O7:Q7) | I7: =_xlfn.TEXTJOIN(CHAR(10),1, Prowler!R7:W7) | J7: =IF(Prowler!K7="critical",10, IF(Prowler!K7="high",7, IF(Prowler!K7="medium",5, 1))) -> 1 | M7: =Prowler!A7 -> 0 | O7: =IF(Prowler!N7="", "", _xlfn.CONCAT("[{""key"":""",SUBSTITUTE(SUBSTITUTE(Prowler!N7,"=",""",""value"":""")," | ","""},{""key"":"""),"""}]"))
B8: =UPPER(Prowler!C8) | C8: =IF(Prowler!AL8<>"",Prowler!AL8, _xlfn.CONCAT("arn:aws:ec2:",F8,":",Prowler!AD8,":instance/",Prowler!AK8)) -> arn:aws:ec2:::instance/ | F8: =Prowler!AJ8 -> 0 | G8: =Prowler!E8 -> 0 | H8: =_xlfn.TEXTJOIN(CHAR(10),1, Prowler!O8:Q8) | I8: =_xlfn.TEXTJOIN(CHAR(10),1, Prowler!R8:W8) | J8: =IF(Prowler!K8="critical",10, IF(Prowler!K8="high",7, IF(Prowler!K8="medium",5, 1))) -> 1 | M8: =Prowler!A8 -> 0 | O8: =IF(Prowler!N8="", "", _xlfn.CONCAT("[{""key"":""",SUBSTITUTE(SUBSTITUTE(Prowler!N8,"=",""",""value"":""")," | ","""},{""key"":"""),"""}]"))
B9: =UPPER(Prowler!C9) | C9: =IF(Prowler!AL9<>"",Prowler!AL9, _xlfn.CONCAT("arn:aws:ec2:",F9,":",Prowler!AD9,":instance/",Prowler!AK9)) -> arn:aws:ec2:::instance/ | F9: =Prowler!AJ9 -> 0 | G9: =Prowler!E9 -> 0 | H9: =_xlfn.TEXTJOIN(CHAR(10),1, Prowler!O9:Q9) | I9: =_xlfn.TEXTJOIN(CHAR(10),1, Prowler!R9:W9) | J9: =IF(Prowler!K9="critical",10, IF(Prowler!K9="high",7, IF(Prowler!K9="medium",5, 1))) -> 1 | M9: =Prowler!A9 -> 0 | O9: =IF(Prowler!N9="", "", _xlfn.CONCAT("[{""key"":""",SUBSTITUTE(SUBSTITUTE(Prowler!N9,"=",""",""value"":""")," | ","""},{""key"":"""),"""}]"))
B10: =UPPER(Prowler!C10) | C10: =IF(Prowler!AL10<>"",Prowler!AL10, _xlfn.CONCAT("arn:aws:ec2:",F10,":",Prowler!AD10,":instance/",Prowler!AK10)) -> arn:aws:ec2:::instance/ | F10: =Prowler!AJ10 -> 0 | G10: =Prowler!E10 -> 0 | H10: =_xlfn.TEXTJOIN(CHAR(10),1, Prowler!O10:Q10) | I10: =_xlfn.TEXTJOIN(CHAR(10),1, Prowler!R10:W10) | J10: =IF(Prowler!K10="critical",10, IF(Prowler!K10="high",7, IF(Prowler!K10="medium",5, 1))) -> 1 | M10: =Prowler!A10 -> 0 | O10: =IF(Prowler!N10="", "", _xlfn.CONCAT("[{""key"":""",SUBSTITUTE(SUBSTITUTE(Prowler!N10,"=",""",""value"":""")," | ","""},{""key"":"""),"""}]"))
B11: =UPPER(Prowler!C11) | C11: =IF(Prowler!AL11<>"",Prowler!AL11, _xlfn.CONCAT("arn:aws:ec2:",F11,":",Prowler!AD11,":instance/",Prowler!AK11)) -> arn:aws:ec2:::instance/ | F11: =Prowler!AJ11 -> 0 | G11: =Prowler!E11 -> 0 | H11: =_xlfn.TEXTJOIN(CHAR(10),1, Prowler!O11:Q11) | I11: =_xlfn.TEXTJOIN(CHAR(10),1, Prowler!R11:W11) | J11: =IF(Prowler!K11="critical",10, IF(Prowler!K11="high",7, IF(Prowler!K11="medium",5, 1))) -> 1 | M11: =Prowler!A11 -> 0 | O11: =IF(Prowler!N11="", "", _xlfn.CONCAT("[{""key"":""",SUBSTITUTE(SUBSTITUTE(Prowler!N11,"=",""",""value"":""")," | ","""},{""key"":"""),"""}]"))
B12: =UPPER(Prowler!C12) | C12: =IF(Prowler!AL12<>"",Prowler!AL12, _xlfn.CONCAT("arn:aws:ec2:",F12,":",Prowler!AD12,":instance/",Prowler!AK12)) -> arn:aws:ec2:::instance/ | F12: =Prowler!AJ12 -> 0 | G12: =Prowler!E12 -> 0 | H12: =_xlfn.TEXTJOIN(CHAR(10),1, Prowler!O12:Q12) | I12: =_xlfn.TEXTJOIN(CHAR(10),1, Prowler!R12:W12) | J12: =IF(Prowler!K12="critical",10, IF(Prowler!K12="high",7, IF(Prowler!K12="medium",5, 1))) -> 1 | M12: =Prowler!A12 -> 0 | O12: =IF(Prowler!N12="", "", _xlfn.CONCAT("[{""key"":""",SUBSTITUTE(SUBSTITUTE(Prowler!N12,"=",""",""value"":""")," | ","""},{""key"":"""),"""}]"))
B13: =UPPER(Prowler!C13) | C13: =IF(Prowler!AL13<>"",Prowler!AL13, _xlfn.CONCAT("arn:aws:ec2:",F13,":",Prowler!AD13,":instance/",Prowler!AK13)) -> arn:aws:ec2:::instance/ | F13: =Prowler!AJ13 -> 0 | G13: =Prowler!E13 -> 0 | H13: =_xlfn.TEXTJOIN(CHAR(10),1, Prowler!O13:Q13) | I13: =_xlfn.TEXTJOIN(CHAR(10),1, Prowler!R13:W13) | J13: =IF(Prowler!K13="critical",10, IF(Prowler!K13="high",7, IF(Prowler!K13="medium",5, 1))) -> 1 | M13: =Prowler!A13 -> 0 | O13: =IF(Prowler!N13="", "", _xlfn.CONCAT("[{""key"":""",SUBSTITUTE(SUBSTITUTE(Prowler!N13,"=",""",""value"":""")," | ","""},{""key"":"""),"""}]"))
... B640: =UPPER(Prowler!C640) | C640: =IF(Prowler!AL640<>"",Prowler!AL640, _xlfn.CONCAT("arn:aws:ec2:",F640,":",Prowler!AD640,":instance/",Prowler!AK640)) -> arn:aws:ec2:::instance/ | F640: =Prowler!AJ640 -> 0 | G640: =Prowler!E640 -> 0 | H640: =_xlfn.TEXTJOIN(CHAR(10),1, Prowler!O640:Q640) | I640: =_xlfn.TEXTJOIN(CHAR(10),1, Prowler!R640:W640) | J640: =IF(Prowler!K640="critical",10, IF(Prowler!K640="high",7, IF(Prowler!K640="medium",5, 1))) -> 1 | M640: =Prowler!A640 -> 0 | O640: =IF(Prowler!N640="", "", _xlfn.CONCAT("[{""key"":""",SUBSTITUTE(SUBSTITUTE(Prowler!N640,"=",""",""value"":""")," | ","""},{""key"":"""),"""}]"))
